{"accuracy": [0.3572671413421631, 0.420872300863266, 0.4443425238132477, 0.4604923725128174, 0.4711504280567169, 0.47821044921875, 0.48443603515625, 0.48800450563430786, 0.49196353554725647, 0.4962598979473114, 0.4983607530593872, 0.5010297298431396, 0.5044384002685547, 0.5055568814277649, 0.5076636075973511, 0.51119065284729, 0.5116581916809082, 0.5141140818595886, 0.5154633522033691, 0.5167771577835083, 0.5201147794723511, 0.5211445093154907, 0.5225943922996521, 0.5236241221427917, 0.5237957239151001, 0.5245236158370972, 0.5257604718208313, 0.526872992515564, 0.5281867384910583, 0.5282755494117737], "loss": [0.13396184146404266, 0.11452343314886093, 0.10726342350244522, 0.10156816244125366, 0.09726298600435257, 0.09373370558023453, 0.09092511981725693, 0.08857347071170807, 0.08653303235769272, 0.08476617187261581, 0.08310104161500931, 0.08167714625597, 0.08032669126987457, 0.07910387217998505, 0.07800933718681335, 0.0770009309053421, 0.07612962275743484, 0.0752926766872406, 0.07449543476104736, 0.07384686172008514, 0.07320424169301987, 0.07263266295194626, 0.07203806936740875, 0.07156053185462952, 0.07112777978181839, 0.07070958614349365, 0.07036823034286499, 0.06993924826383591, 0.06957188248634338, 0.06927597522735596], "val_accuracy": [0.4033850133419037, 0.39640194177627563, 0.4027932286262512, 0.395123690366745, 0.3924724757671356, 0.3894425332546234, 0.38511067628860474, 0.38013964891433716, 0.38601016998291016, 0.384613573551178, 0.3816072940826416, 0.37718072533607483, 0.3738667368888855, 0.3866729736328125, 0.3720913827419281, 0.37097880244255066, 0.37045803666114807, 0.38004496693611145, 0.3719019889831543, 0.3745058476924896, 0.370931476354599, 0.3757367730140686, 0.36832761764526367, 0.3664102256298065, 0.3740561008453369, 0.36378270387649536, 0.3694875240325928, 0.3708604574203491, 0.36233875155448914, 0.36891940236091614], "val_loss": [0.12045763432979584, 0.11846572160720825, 0.11890119314193726, 0.12062068283557892, 0.12196698039770126, 0.1283397525548935, 0.13015307486057281, 0.13269445300102234, 0.13907109200954437, 0.14317739009857178, 0.14910295605659485, 0.1530277580022812, 0.15897157788276672, 0.16121655702590942, 0.16713601350784302, 0.16486810147762299, 0.17345993220806122, 0.18017837405204773, 0.18732795119285583, 0.18980248272418976, 0.18822968006134033, 0.19697819650173187, 0.20359154045581818, 0.20353011786937714, 0.2087659239768982, 0.21291393041610718, 0.20540742576122284, 0.21998928487300873, 0.21395474672317505, 0.22414584457874298]}